{"cameraMode":{"drawMode":0,"name":"Shaded","section":"Shading Mode"},"sceneLighting":true,"audioPlay":false,"sceneViewState":{"m_AlwaysRefresh":false,"showFog":true,"showSkybox":true,"showFlares":true,"showImageEffects":true,"showParticleSystems":true,"showVisualEffectGraphs":true,"m_FxEnabled":true},"in2DMode":false,"pivot":{"x":-0.32570362091064455,"y":4.634619235992432,"z":-5.452052116394043},"rotation":{"x":-0.1949038803577423,"y":0.12175627797842026,"z":-0.024391137063503267,"w":-0.9729289412498474},"size":0.8660253882408142,"orthographic":false}