{"cameraMode":{"drawMode":0,"name":"Shaded","section":"Shading Mode"},"sceneLighting":true,"audioPlay":false,"sceneViewState":{"m_AlwaysRefresh":false,"showFog":true,"showSkybox":true,"showFlares":true,"showImageEffects":true,"showParticleSystems":true,"showVisualEffectGraphs":true,"m_FxEnabled":true},"in2DMode":false,"pivot":{"x":0.1123650074005127,"y":5.141250133514404,"z":-5.0283308029174809},"rotation":{"x":-0.20702968537807465,"y":0.10250783711671829,"z":-0.02181774191558361,"w":-0.9727040529251099},"size":6.266026496887207,"orthographic":false}