{"cameraMode":{"drawMode":0,"name":"Shaded","section":"Shading Mode"},"sceneLighting":true,"audioPlay":false,"sceneViewState":{"m_AlwaysRefresh":false,"showFog":false,"showSkybox":false,"showFlares":false,"showImageEffects":true,"showParticleSystems":true,"showVisualEffectGraphs":true,"m_FxEnabled":true},"in2DMode":false,"pivot":{"x":-0.7772803902626038,"y":21.48086166381836,"z":16.714096069335939},"rotation":{"x":0.3212616741657257,"y":0.11045725643634796,"z":-0.037759941071271899,"w":0.9397667646408081},"size":0.8660253882408142,"orthographic":false}